{"cameraMode":{"drawMode":0,"name":"Shaded","section":"Shading Mode"},"sceneLighting":false,"audioPlay":false,"sceneViewState":{"showFog":false,"showMaterialUpdate":false,"showSkybox":false,"showFlares":false,"showImageEffects":false,"showParticleSystems":false},"in2DMode":false,"pivot":{"x":9.689398765563965,"y":1.1671030521392823,"z":5.564267635345459},"rotation":{"x":0.00056883116485551,"y":-1.0002294778823853,"z":0.0018129743402823806,"w":-0.006940964609384537},"size":3.0046019554138185,"orthographic":false}