{"cameraMode":{"drawMode":0,"name":"Shaded","section":"Shading Mode"},"sceneLighting":false,"audioPlay":false,"sceneViewState":{"showFog":false,"showMaterialUpdate":false,"showSkybox":false,"showFlares":false,"showImageEffects":false,"showParticleSystems":false},"in2DMode":false,"pivot":{"x":0.33287692070007326,"y":9.523694038391114,"z":-12.75210952758789},"rotation":{"x":-0.24350738525390626,"y":0.018337802961468698,"z":-0.004659774247556925,"w":-0.9698275923728943},"size":-4.082800388336182,"orthographic":false}