{"cameraMode":{"drawMode":0,"name":"Shaded","section":"Shading Mode"},"sceneLighting":false,"audioPlay":false,"sceneViewState":{"showFog":false,"showMaterialUpdate":false,"showSkybox":false,"showFlares":false,"showImageEffects":false,"showParticleSystems":false},"in2DMode":false,"pivot":{"x":0.034999847412109378,"y":0.10000007599592209,"z":15.545000076293946},"rotation":{"x":-0.33700472116470339,"y":0.020338743925094606,"z":-0.007261435966938734,"w":-0.9412751793861389},"size":9.80567741394043,"orthographic":false}